model,head,condition,layer,step,mean_drift,mean_entropy
pythia-2.8b-deduped,-1,base,resid0,0,0.93402099609375,3.6211801916360855
pythia-2.8b-deduped,-1,base,resid_mid,0,0.235565185546875,3.6211801916360855
pythia-2.8b-deduped,-1,base,resid_final,0,0.40228271484375,3.6211801916360855
pythia-2.8b-deduped,-1,base,resid0,1,0.766204833984375,3.667054057121277
pythia-2.8b-deduped,-1,base,resid_mid,1,0.225616455078125,3.667054057121277
pythia-2.8b-deduped,-1,base,resid_final,1,0.444183349609375,3.667054057121277
pythia-2.8b-deduped,-1,base,resid0,2,0.6143798828125,3.390375779941678
pythia-2.8b-deduped,-1,base,resid_mid,2,0.17816162109375,3.390375779941678
pythia-2.8b-deduped,-1,base,resid_final,2,0.24951171875,3.390375779941678
pythia-2.8b-deduped,-1,base,resid0,3,0.84033203125,4.479800430126488
pythia-2.8b-deduped,-1,base,resid_mid,3,0.20635986328125,4.479800430126488
pythia-2.8b-deduped,-1,base,resid_final,3,0.525054931640625,4.479800430126488
pythia-2.8b-deduped,-1,base,resid0,4,0.849945068359375,4.251558318734169
pythia-2.8b-deduped,-1,base,resid_mid,4,0.19549560546875,4.251558318734169
pythia-2.8b-deduped,-1,base,resid_final,4,0.316986083984375,4.251558318734169
pythia-2.8b-deduped,-1,base,resid0,5,0.818084716796875,3.6985078901052475
pythia-2.8b-deduped,-1,base,resid_mid,5,0.197601318359375,3.6985078901052475
pythia-2.8b-deduped,-1,base,resid_final,5,0.317626953125,3.6985078901052475
pythia-2.8b-deduped,-1,base,resid0,6,0.88397216796875,3.469112034479622
pythia-2.8b-deduped,-1,base,resid_mid,6,0.193267822265625,3.469112034479622
pythia-2.8b-deduped,-1,base,resid_final,6,0.38885498046875,3.469112034479622
pythia-2.8b-deduped,-1,base,resid0,7,0.82080078125,2.8730731420218945
pythia-2.8b-deduped,-1,base,resid_mid,7,0.202301025390625,2.8730731420218945
pythia-2.8b-deduped,-1,base,resid_final,7,0.308135986328125,2.8730731420218945
pythia-2.8b-deduped,-1,base,resid0,8,0.87408447265625,3.3903738781809807
pythia-2.8b-deduped,-1,base,resid_mid,8,0.203521728515625,3.3903738781809807
pythia-2.8b-deduped,-1,base,resid_final,8,0.4046630859375,3.3903738781809807
pythia-2.8b-deduped,-1,base,resid0,9,0.748748779296875,3.2382881664671004
pythia-2.8b-deduped,-1,base,resid_mid,9,0.203521728515625,3.2382881664671004
pythia-2.8b-deduped,-1,base,resid_final,9,0.369140625,3.2382881664671004
pythia-2.8b-deduped,-1,base,resid0,10,0.892578125,3.6453020934714004
pythia-2.8b-deduped,-1,base,resid_mid,10,0.19696044921875,3.6453020934714004
pythia-2.8b-deduped,-1,base,resid_final,10,0.462127685546875,3.6453020934714004
pythia-2.8b-deduped,-1,base,resid0,11,0.906036376953125,2.866209296233137
pythia-2.8b-deduped,-1,base,resid_mid,11,0.207244873046875,2.866209296233137
pythia-2.8b-deduped,-1,base,resid_final,11,0.3519287109375,2.866209296233137
pythia-2.8b-deduped,-1,base,resid0,12,0.89703369140625,2.7095769476145506
pythia-2.8b-deduped,-1,base,resid_mid,12,0.18994140625,2.7095769476145506
pythia-2.8b-deduped,-1,base,resid_final,12,0.309722900390625,2.7095769476145506
pythia-2.8b-deduped,-1,base,resid0,13,0.92474365234375,3.216948018874973
pythia-2.8b-deduped,-1,base,resid_mid,13,0.201751708984375,3.216948018874973
pythia-2.8b-deduped,-1,base,resid_final,13,0.30694580078125,3.216948018874973
pythia-2.8b-deduped,-1,base,resid0,14,0.840301513671875,2.878555217757821
pythia-2.8b-deduped,-1,base,resid_mid,14,0.18670654296875,2.878555217757821
pythia-2.8b-deduped,-1,base,resid_final,14,0.2562255859375,2.878555217757821
pythia-2.8b-deduped,-1,base,resid0,15,0.81097412109375,2.385181170189753
pythia-2.8b-deduped,-1,base,resid_mid,15,0.1971435546875,2.385181170189753
pythia-2.8b-deduped,-1,base,resid_final,15,0.273284912109375,2.385181170189753
pythia-2.8b-deduped,-1,base,resid0,16,0.862274169921875,2.9080406557768583
pythia-2.8b-deduped,-1,base,resid_mid,16,0.200927734375,2.9080406557768583
pythia-2.8b-deduped,-1,base,resid_final,16,0.33642578125,2.9080406557768583
pythia-2.8b-deduped,-1,base,resid0,17,0.840576171875,2.1726390831172466
pythia-2.8b-deduped,-1,base,resid_mid,17,0.19134521484375,2.1726390831172466
pythia-2.8b-deduped,-1,base,resid_final,17,0.3099365234375,2.1726390831172466
pythia-2.8b-deduped,-1,base,resid0,18,0.7861328125,3.1581087335944176
pythia-2.8b-deduped,-1,base,resid_mid,18,0.177642822265625,3.1581087335944176
pythia-2.8b-deduped,-1,base,resid_final,18,0.320281982421875,3.1581087335944176
pythia-2.8b-deduped,-1,base,resid0,19,0.876495361328125,3.28391544893384
pythia-2.8b-deduped,-1,base,resid_mid,19,0.18609619140625,3.28391544893384
pythia-2.8b-deduped,-1,base,resid_final,19,0.322784423828125,3.28391544893384
pythia-2.8b-deduped,-1,base,resid0,20,0.9208984375,2.2499473243951797
pythia-2.8b-deduped,-1,base,resid_mid,20,0.210113525390625,2.2499473243951797
pythia-2.8b-deduped,-1,base,resid_final,20,0.38433837890625,2.2499473243951797
pythia-2.8b-deduped,-1,base,resid0,21,0.914794921875,2.313622534275055
pythia-2.8b-deduped,-1,base,resid_mid,21,0.1942138671875,2.313622534275055
pythia-2.8b-deduped,-1,base,resid_final,21,0.3626708984375,2.313622534275055
pythia-2.8b-deduped,-1,base,resid0,22,0.878143310546875,2.9863616172224283
pythia-2.8b-deduped,-1,base,resid_mid,22,0.212921142578125,2.9863616172224283
pythia-2.8b-deduped,-1,base,resid_final,22,0.37530517578125,2.9863616172224283
pythia-2.8b-deduped,-1,base,resid0,23,0.797393798828125,1.9295269625727087
pythia-2.8b-deduped,-1,base,resid_mid,23,0.2032470703125,1.9295269625727087
pythia-2.8b-deduped,-1,base,resid_final,23,0.32623291015625,1.9295269625727087
pythia-2.8b-deduped,-1,base,resid0,24,0.888946533203125,2.9334215028211474
pythia-2.8b-deduped,-1,base,resid_mid,24,0.214019775390625,2.9334215028211474
pythia-2.8b-deduped,-1,base,resid_final,24,0.4759521484375,2.9334215028211474
pythia-2.8b-deduped,-1,base,resid0,25,0.842742919921875,1.9983361336235248
pythia-2.8b-deduped,-1,base,resid_mid,25,0.21234130859375,1.9983361336235248
pythia-2.8b-deduped,-1,base,resid_final,25,0.3184814453125,1.9983361336235248
pythia-2.8b-deduped,-1,base,resid0,26,0.856170654296875,2.51338266255334
pythia-2.8b-deduped,-1,base,resid_mid,26,0.201141357421875,2.51338266255334
pythia-2.8b-deduped,-1,base,resid_final,26,0.38531494140625,2.51338266255334
pythia-2.8b-deduped,-1,base,resid0,27,0.927093505859375,2.4660523128695786
pythia-2.8b-deduped,-1,base,resid_mid,27,0.198486328125,2.4660523128695786
pythia-2.8b-deduped,-1,base,resid_final,27,0.315185546875,2.4660523128695786
pythia-2.8b-deduped,-1,base,resid0,28,0.931549072265625,2.4151924352627248
pythia-2.8b-deduped,-1,base,resid_mid,28,0.2161865234375,2.4151924352627248
pythia-2.8b-deduped,-1,base,resid_final,28,0.348968505859375,2.4151924352627248
pythia-2.8b-deduped,-1,base,resid0,29,0.90423583984375,2.48504337342456
pythia-2.8b-deduped,-1,base,resid_mid,29,0.22607421875,2.48504337342456
pythia-2.8b-deduped,-1,base,resid_final,29,0.33984375,2.48504337342456
pythia-2.8b-deduped,-1,base,resid0,30,0.84906005859375,2.787097707390785
pythia-2.8b-deduped,-1,base,resid_mid,30,0.190704345703125,2.787097707390785
pythia-2.8b-deduped,-1,base,resid_final,30,0.33941650390625,2.787097707390785
pythia-2.8b-deduped,-1,base,resid0,31,0.75726318359375,2.0500229543540627
pythia-2.8b-deduped,-1,base,resid_mid,31,0.210601806640625,2.0500229543540627
pythia-2.8b-deduped,-1,base,resid_final,31,0.344818115234375,2.0500229543540627
pythia-2.8b-deduped,-1,base,resid0,32,0.739898681640625,2.823367236647755
pythia-2.8b-deduped,-1,base,resid_mid,32,0.218017578125,2.823367236647755
pythia-2.8b-deduped,-1,base,resid_final,32,0.412384033203125,2.823367236647755
pythia-2.8b-deduped,-1,base,resid0,33,0.819091796875,2.7193529345095158
pythia-2.8b-deduped,-1,base,resid_mid,33,0.24139404296875,2.7193529345095158
pythia-2.8b-deduped,-1,base,resid_final,33,0.40179443359375,2.7193529345095158
pythia-2.8b-deduped,-1,base,resid0,34,0.835357666015625,2.009428272023797
pythia-2.8b-deduped,-1,base,resid_mid,34,0.194732666015625,2.009428272023797
pythia-2.8b-deduped,-1,base,resid_final,34,0.455902099609375,2.009428272023797
pythia-2.8b-deduped,-1,base,resid0,35,0.87152099609375,2.6814980207709596
pythia-2.8b-deduped,-1,base,resid_mid,35,0.2188720703125,2.6814980207709596
pythia-2.8b-deduped,-1,base,resid_final,35,0.356231689453125,2.6814980207709596
pythia-2.8b-deduped,-1,base,resid0,36,0.899566650390625,2.2328007854521275
pythia-2.8b-deduped,-1,base,resid_mid,36,0.2261962890625,2.2328007854521275
pythia-2.8b-deduped,-1,base,resid_final,36,0.39996337890625,2.2328007854521275
pythia-2.8b-deduped,-1,base,resid0,37,0.819732666015625,2.258191367611289
pythia-2.8b-deduped,-1,base,resid_mid,37,0.17974853515625,2.258191367611289
pythia-2.8b-deduped,-1,base,resid_final,37,0.331634521484375,2.258191367611289
pythia-2.8b-deduped,-1,base,resid0,38,0.853546142578125,2.3454381769988686
pythia-2.8b-deduped,-1,base,resid_mid,38,0.222747802734375,2.3454381769988686
pythia-2.8b-deduped,-1,base,resid_final,38,0.425048828125,2.3454381769988686
pythia-2.8b-deduped,-1,base,resid0,39,0.92327880859375,2.31439575063996
pythia-2.8b-deduped,-1,base,resid_mid,39,0.233734130859375,2.31439575063996
pythia-2.8b-deduped,-1,base,resid_final,39,0.43890380859375,2.31439575063996
pythia-2.8b-deduped,-1,base,resid0,40,0.914337158203125,1.7993271108716726
pythia-2.8b-deduped,-1,base,resid_mid,40,0.21942138671875,1.7993271108716726
pythia-2.8b-deduped,-1,base,resid_final,40,0.359283447265625,1.7993271108716726
pythia-2.8b-deduped,-1,base,resid0,41,0.78790283203125,1.9943451816216111
pythia-2.8b-deduped,-1,base,resid_mid,41,0.194488525390625,1.9943451816216111
pythia-2.8b-deduped,-1,base,resid_final,41,0.290069580078125,1.9943451816216111
pythia-2.8b-deduped,-1,base,resid0,42,0.833770751953125,2.7406113030738197
pythia-2.8b-deduped,-1,base,resid_mid,42,0.19476318359375,2.7406113030738197
pythia-2.8b-deduped,-1,base,resid_final,42,0.43450927734375,2.7406113030738197
pythia-2.8b-deduped,-1,base,resid0,43,0.8978271484375,2.8030913867405616
pythia-2.8b-deduped,-1,base,resid_mid,43,0.19989013671875,2.8030913867405616
pythia-2.8b-deduped,-1,base,resid_final,43,0.3466796875,2.8030913867405616
pythia-2.8b-deduped,-1,base,resid0,44,0.9066162109375,2.9957163827493787
pythia-2.8b-deduped,-1,base,resid_mid,44,0.22711181640625,2.9957163827493787
pythia-2.8b-deduped,-1,base,resid_final,44,0.38006591796875,2.9957163827493787
pythia-2.8b-deduped,-1,base,resid0,45,0.8494873046875,2.397537663578987
pythia-2.8b-deduped,-1,base,resid_mid,45,0.21044921875,2.397537663578987
pythia-2.8b-deduped,-1,base,resid_final,45,0.356475830078125,2.397537663578987
pythia-2.8b-deduped,-1,base,resid0,46,0.776275634765625,2.642690017586574
pythia-2.8b-deduped,-1,base,resid_mid,46,0.19940185546875,2.642690017586574
pythia-2.8b-deduped,-1,base,resid_final,46,0.343719482421875,2.642690017586574
pythia-2.8b-deduped,-1,base,logits,47,,2.288367096683942
pythia-2.8b-deduped,1,ablated,resid0,0,0.95050048828125,3.725801855325699
pythia-2.8b-deduped,1,ablated,resid_mid,0,0.23980712890625,3.725801855325699
pythia-2.8b-deduped,1,ablated,resid_final,0,0.347412109375,3.725801855325699
pythia-2.8b-deduped,1,ablated,resid0,1,0.766876220703125,3.8623708561062813
pythia-2.8b-deduped,1,ablated,resid_mid,1,0.227294921875,3.8623708561062813
pythia-2.8b-deduped,1,ablated,resid_final,1,0.420257568359375,3.8623708561062813
pythia-2.8b-deduped,1,ablated,resid0,2,0.562896728515625,3.359600815922022
pythia-2.8b-deduped,1,ablated,resid_mid,2,0.133758544921875,3.359600815922022
pythia-2.8b-deduped,1,ablated,resid_final,2,0.14337158203125,3.359600815922022
pythia-2.8b-deduped,1,ablated,resid0,3,0.568817138671875,4.007804356515408
pythia-2.8b-deduped,1,ablated,resid_mid,3,0.18658447265625,4.007804356515408
pythia-2.8b-deduped,1,ablated,resid_final,3,0.230224609375,4.007804356515408
pythia-2.8b-deduped,1,ablated,resid0,4,0.733795166015625,3.816741583868861
pythia-2.8b-deduped,1,ablated,resid_mid,4,0.200958251953125,3.816741583868861
pythia-2.8b-deduped,1,ablated,resid_final,4,0.428497314453125,3.816741583868861
pythia-2.8b-deduped,1,ablated,resid0,5,0.766082763671875,4.209395587444305
pythia-2.8b-deduped,1,ablated,resid_mid,5,0.182708740234375,4.209395587444305
pythia-2.8b-deduped,1,ablated,resid_final,5,0.402313232421875,4.209395587444305
pythia-2.8b-deduped,1,ablated,resid0,6,0.84222412109375,4.588868334889412
pythia-2.8b-deduped,1,ablated,resid_mid,6,0.177215576171875,4.588868334889412
pythia-2.8b-deduped,1,ablated,resid_final,6,0.300628662109375,4.588868334889412
pythia-2.8b-deduped,1,ablated,resid0,7,0.813385009765625,3.7641007862985134
pythia-2.8b-deduped,1,ablated,resid_mid,7,0.19873046875,3.7641007862985134
pythia-2.8b-deduped,1,ablated,resid_final,7,0.26690673828125,3.7641007862985134
pythia-2.8b-deduped,1,ablated,resid0,8,0.794464111328125,3.580878641572781
pythia-2.8b-deduped,1,ablated,resid_mid,8,0.18603515625,3.580878641572781
pythia-2.8b-deduped,1,ablated,resid_final,8,0.287872314453125,3.580878641572781
pythia-2.8b-deduped,1,ablated,resid0,9,0.7774658203125,3.1124584656208754
pythia-2.8b-deduped,1,ablated,resid_mid,9,0.180206298828125,3.1124584656208754
pythia-2.8b-deduped,1,ablated,resid_final,9,0.2462158203125,3.1124584656208754
pythia-2.8b-deduped,1,ablated,resid0,10,0.75103759765625,3.159296303987503
pythia-2.8b-deduped,1,ablated,resid_mid,10,0.18023681640625,3.159296303987503
pythia-2.8b-deduped,1,ablated,resid_final,10,0.264251708984375,3.159296303987503
pythia-2.8b-deduped,1,ablated,resid0,11,0.84454345703125,2.672102462500334
pythia-2.8b-deduped,1,ablated,resid_mid,11,0.192535400390625,2.672102462500334
pythia-2.8b-deduped,1,ablated,resid_final,11,0.3365478515625,2.672102462500334
pythia-2.8b-deduped,1,ablated,resid0,12,0.843292236328125,3.335382893681526
pythia-2.8b-deduped,1,ablated,resid_mid,12,0.19244384765625,3.335382893681526
pythia-2.8b-deduped,1,ablated,resid_final,12,0.351165771484375,3.335382893681526
pythia-2.8b-deduped,1,ablated,resid0,13,0.805511474609375,3.83308594673872
pythia-2.8b-deduped,1,ablated,resid_mid,13,0.185272216796875,3.83308594673872
pythia-2.8b-deduped,1,ablated,resid_final,13,0.366851806640625,3.83308594673872
pythia-2.8b-deduped,1,ablated,resid0,14,0.7801513671875,2.5735592655837536
pythia-2.8b-deduped,1,ablated,resid_mid,14,0.173370361328125,2.5735592655837536
pythia-2.8b-deduped,1,ablated,resid_final,14,0.345855712890625,2.5735592655837536
pythia-2.8b-deduped,1,ablated,resid0,15,0.732818603515625,2.2402349673211575
pythia-2.8b-deduped,1,ablated,resid_mid,15,0.163848876953125,2.2402349673211575
pythia-2.8b-deduped,1,ablated,resid_final,15,0.307586669921875,2.2402349673211575
pythia-2.8b-deduped,1,ablated,resid0,16,0.66912841796875,2.865929953753948
pythia-2.8b-deduped,1,ablated,resid_mid,16,0.165618896484375,2.865929953753948
pythia-2.8b-deduped,1,ablated,resid_final,16,0.31097412109375,2.865929953753948
pythia-2.8b-deduped,1,ablated,resid0,17,0.742828369140625,2.9260070212185383
pythia-2.8b-deduped,1,ablated,resid_mid,17,0.189453125,2.9260070212185383
pythia-2.8b-deduped,1,ablated,resid_final,17,0.345367431640625,2.9260070212185383
pythia-2.8b-deduped,1,ablated,resid0,18,0.71466064453125,2.5651117116212845
pythia-2.8b-deduped,1,ablated,resid_mid,18,0.171112060546875,2.5651117116212845
pythia-2.8b-deduped,1,ablated,resid_final,18,0.344085693359375,2.5651117116212845
pythia-2.8b-deduped,1,ablated,resid0,19,0.793975830078125,3.241929735057056
pythia-2.8b-deduped,1,ablated,resid_mid,19,0.191986083984375,3.241929735057056
pythia-2.8b-deduped,1,ablated,resid_final,19,0.3460693359375,3.241929735057056
pythia-2.8b-deduped,1,ablated,resid0,20,0.77294921875,3.2727386485785246
pythia-2.8b-deduped,1,ablated,resid_mid,20,0.190185546875,3.2727386485785246
pythia-2.8b-deduped,1,ablated,resid_final,20,0.33843994140625,3.2727386485785246
pythia-2.8b-deduped,1,ablated,resid0,21,0.85546875,2.6470361002720892
pythia-2.8b-deduped,1,ablated,resid_mid,21,0.210968017578125,2.6470361002720892
pythia-2.8b-deduped,1,ablated,resid_final,21,0.408721923828125,2.6470361002720892
pythia-2.8b-deduped,1,ablated,resid0,22,0.827911376953125,2.791631381958723
pythia-2.8b-deduped,1,ablated,resid_mid,22,0.1851806640625,2.791631381958723
pythia-2.8b-deduped,1,ablated,resid_final,22,0.3035888671875,2.791631381958723
pythia-2.8b-deduped,1,ablated,resid0,23,0.794677734375,2.895144570618868
pythia-2.8b-deduped,1,ablated,resid_mid,23,0.170074462890625,2.895144570618868
pythia-2.8b-deduped,1,ablated,resid_final,23,0.30816650390625,2.895144570618868
pythia-2.8b-deduped,1,ablated,resid0,24,0.739044189453125,3.1583307310938835
pythia-2.8b-deduped,1,ablated,resid_mid,24,0.169769287109375,3.1583307310938835
pythia-2.8b-deduped,1,ablated,resid_final,24,0.27923583984375,3.1583307310938835
pythia-2.8b-deduped,1,ablated,resid0,25,0.589263916015625,2.9508331874385476
pythia-2.8b-deduped,1,ablated,resid_mid,25,0.147735595703125,2.9508331874385476
pythia-2.8b-deduped,1,ablated,resid_final,25,0.241973876953125,2.9508331874385476
pythia-2.8b-deduped,1,ablated,resid0,26,0.599884033203125,2.831092167645693
pythia-2.8b-deduped,1,ablated,resid_mid,26,0.162078857421875,2.831092167645693
pythia-2.8b-deduped,1,ablated,resid_final,26,0.30780029296875,2.831092167645693
pythia-2.8b-deduped,1,ablated,resid0,27,0.7430419921875,3.337775276042521
pythia-2.8b-deduped,1,ablated,resid_mid,27,0.19158935546875,3.337775276042521
pythia-2.8b-deduped,1,ablated,resid_final,27,0.344512939453125,3.337775276042521
pythia-2.8b-deduped,1,ablated,resid0,28,0.71466064453125,2.7504442371428013
pythia-2.8b-deduped,1,ablated,resid_mid,28,0.175811767578125,2.7504442371428013
pythia-2.8b-deduped,1,ablated,resid_final,28,0.2679443359375,2.7504442371428013
pythia-2.8b-deduped,1,ablated,resid0,29,0.728302001953125,3.3753434848040342
pythia-2.8b-deduped,1,ablated,resid_mid,29,0.179473876953125,3.3753434848040342
pythia-2.8b-deduped,1,ablated,resid_final,29,0.33282470703125,3.3753434848040342
pythia-2.8b-deduped,1,ablated,resid0,30,0.7833251953125,2.8404057808220387
pythia-2.8b-deduped,1,ablated,resid_mid,30,0.192352294921875,2.8404057808220387
pythia-2.8b-deduped,1,ablated,resid_final,30,0.310028076171875,2.8404057808220387
pythia-2.8b-deduped,1,ablated,resid0,31,0.7213134765625,2.785992388613522
pythia-2.8b-deduped,1,ablated,resid_mid,31,0.182647705078125,2.785992388613522
pythia-2.8b-deduped,1,ablated,resid_final,31,0.277099609375,2.785992388613522
pythia-2.8b-deduped,1,ablated,resid0,32,0.777618408203125,2.9660459170117974
pythia-2.8b-deduped,1,ablated,resid_mid,32,0.20068359375,2.9660459170117974
pythia-2.8b-deduped,1,ablated,resid_final,32,0.362152099609375,2.9660459170117974
pythia-2.8b-deduped,1,ablated,resid0,33,0.768280029296875,1.9020420843735337
pythia-2.8b-deduped,1,ablated,resid_mid,33,0.195281982421875,1.9020420843735337
pythia-2.8b-deduped,1,ablated,resid_final,33,0.30853271484375,1.9020420843735337
pythia-2.8b-deduped,1,ablated,resid0,34,0.6923828125,2.1587561359629035
pythia-2.8b-deduped,1,ablated,resid_mid,34,0.2060546875,2.1587561359629035
pythia-2.8b-deduped,1,ablated,resid_final,34,0.270172119140625,2.1587561359629035
pythia-2.8b-deduped,1,ablated,resid0,35,0.7457275390625,1.853691496886313
pythia-2.8b-deduped,1,ablated,resid_mid,35,0.202392578125,1.853691496886313
pythia-2.8b-deduped,1,ablated,resid_final,35,0.2991943359375,1.853691496886313
pythia-2.8b-deduped,1,ablated,resid0,36,0.708648681640625,2.3906937669962645
pythia-2.8b-deduped,1,ablated,resid_mid,36,0.19439697265625,2.3906937669962645
pythia-2.8b-deduped,1,ablated,resid_final,36,0.327972412109375,2.3906937669962645
pythia-2.8b-deduped,1,ablated,resid0,37,0.7103271484375,2.2903894372284412
pythia-2.8b-deduped,1,ablated,resid_mid,37,0.178863525390625,2.2903894372284412
pythia-2.8b-deduped,1,ablated,resid_final,37,0.281585693359375,2.2903894372284412
pythia-2.8b-deduped,1,ablated,resid0,38,0.764007568359375,1.9728842112235725
pythia-2.8b-deduped,1,ablated,resid_mid,38,0.193450927734375,1.9728842112235725
pythia-2.8b-deduped,1,ablated,resid_final,38,0.273223876953125,1.9728842112235725
pythia-2.8b-deduped,1,ablated,resid0,39,0.822998046875,2.5936190327629447
pythia-2.8b-deduped,1,ablated,resid_mid,39,0.18011474609375,2.5936190327629447
pythia-2.8b-deduped,1,ablated,resid_final,39,0.30462646484375,2.5936190327629447
pythia-2.8b-deduped,1,ablated,resid0,40,0.754669189453125,1.973393200431019
pythia-2.8b-deduped,1,ablated,resid_mid,40,0.21490478515625,1.973393200431019
pythia-2.8b-deduped,1,ablated,resid_final,40,0.368377685546875,1.973393200431019
pythia-2.8b-deduped,1,ablated,resid0,41,0.671173095703125,1.9148060362786055
pythia-2.8b-deduped,1,ablated,resid_mid,41,0.18975830078125,1.9148060362786055
pythia-2.8b-deduped,1,ablated,resid_final,41,0.2635498046875,1.9148060362786055
pythia-2.8b-deduped,1,ablated,resid0,42,0.635833740234375,2.359404907329008
pythia-2.8b-deduped,1,ablated,resid_mid,42,0.153717041015625,2.359404907329008
pythia-2.8b-deduped,1,ablated,resid_final,42,0.283355712890625,2.359404907329008
pythia-2.8b-deduped,1,ablated,resid0,43,0.608856201171875,2.659903069026768
pythia-2.8b-deduped,1,ablated,resid_mid,43,0.147430419921875,2.659903069026768
pythia-2.8b-deduped,1,ablated,resid_final,43,0.321075439453125,2.659903069026768
pythia-2.8b-deduped,1,ablated,resid0,44,0.632354736328125,2.8868967050220817
pythia-2.8b-deduped,1,ablated,resid_mid,44,0.15093994140625,2.8868967050220817
pythia-2.8b-deduped,1,ablated,resid_final,44,0.209228515625,2.8868967050220817
pythia-2.8b-deduped,1,ablated,resid0,45,0.69000244140625,3.390514438971877
pythia-2.8b-deduped,1,ablated,resid_mid,45,0.158416748046875,3.390514438971877
pythia-2.8b-deduped,1,ablated,resid_final,45,0.439178466796875,3.390514438971877
pythia-2.8b-deduped,1,ablated,resid0,46,0.74102783203125,3.413330376148224
pythia-2.8b-deduped,1,ablated,resid_mid,46,0.1654052734375,3.413330376148224
pythia-2.8b-deduped,1,ablated,resid_final,46,0.3726806640625,3.413330376148224
pythia-2.8b-deduped,1,ablated,logits,47,,2.5355912221129984
pythia-2.8b-deduped,8,ablated,resid0,0,0.9378662109375,3.5571168661117554
pythia-2.8b-deduped,8,ablated,resid_mid,0,0.24676513671875,3.5571168661117554
pythia-2.8b-deduped,8,ablated,resid_final,0,0.363128662109375,3.5571168661117554
pythia-2.8b-deduped,8,ablated,resid0,1,0.800811767578125,3.2466720789670944
pythia-2.8b-deduped,8,ablated,resid_mid,1,0.24658203125,3.2466720789670944
pythia-2.8b-deduped,8,ablated,resid_final,1,0.42620849609375,3.2466720789670944
pythia-2.8b-deduped,8,ablated,resid0,2,0.607025146484375,3.362762801349163
pythia-2.8b-deduped,8,ablated,resid_mid,2,0.195556640625,3.362762801349163
pythia-2.8b-deduped,8,ablated,resid_final,2,0.2354736328125,3.362762801349163
pythia-2.8b-deduped,8,ablated,resid0,3,0.840545654296875,4.543877226300538
pythia-2.8b-deduped,8,ablated,resid_mid,3,0.222625732421875,4.543877226300538
pythia-2.8b-deduped,8,ablated,resid_final,3,0.526641845703125,4.543877226300538
pythia-2.8b-deduped,8,ablated,resid0,4,0.85882568359375,3.681263318285346
pythia-2.8b-deduped,8,ablated,resid_mid,4,0.22186279296875,3.681263318285346
pythia-2.8b-deduped,8,ablated,resid_final,4,0.31109619140625,3.681263318285346
pythia-2.8b-deduped,8,ablated,resid0,5,0.88134765625,3.265793461818248
pythia-2.8b-deduped,8,ablated,resid_mid,5,0.21533203125,3.265793461818248
pythia-2.8b-deduped,8,ablated,resid_final,5,0.35943603515625,3.265793461818248
pythia-2.8b-deduped,8,ablated,resid0,6,0.8809814453125,3.2744962069264147
pythia-2.8b-deduped,8,ablated,resid_mid,6,0.2244873046875,3.2744962069264147
pythia-2.8b-deduped,8,ablated,resid_final,6,0.403289794921875,3.2744962069264147
pythia-2.8b-deduped,8,ablated,resid0,7,0.8538818359375,3.2567926421761513
pythia-2.8b-deduped,8,ablated,resid_mid,7,0.200897216796875,3.2567926421761513
pythia-2.8b-deduped,8,ablated,resid_final,7,0.334503173828125,3.2567926421761513
pythia-2.8b-deduped,8,ablated,resid0,8,0.83642578125,3.169926393602509
pythia-2.8b-deduped,8,ablated,resid_mid,8,0.201507568359375,3.169926393602509
pythia-2.8b-deduped,8,ablated,resid_final,8,0.4815673828125,3.169926393602509
pythia-2.8b-deduped,8,ablated,resid0,9,0.77313232421875,2.323892969638109
pythia-2.8b-deduped,8,ablated,resid_mid,9,0.20947265625,2.323892969638109
pythia-2.8b-deduped,8,ablated,resid_final,9,0.299591064453125,2.323892969638109
pythia-2.8b-deduped,8,ablated,resid0,10,0.889129638671875,3.0090655721724033
pythia-2.8b-deduped,8,ablated,resid_mid,10,0.239959716796875,3.0090655721724033
pythia-2.8b-deduped,8,ablated,resid_final,10,0.4967041015625,3.0090655721724033
pythia-2.8b-deduped,8,ablated,resid0,11,0.889739990234375,2.660246057326731
pythia-2.8b-deduped,8,ablated,resid_mid,11,0.227264404296875,2.660246057326731
pythia-2.8b-deduped,8,ablated,resid_final,11,0.356475830078125,2.660246057326731
pythia-2.8b-deduped,8,ablated,resid0,12,0.880950927734375,2.3938310727244243
pythia-2.8b-deduped,8,ablated,resid_mid,12,0.21661376953125,2.3938310727244243
pythia-2.8b-deduped,8,ablated,resid_final,12,0.35028076171875,2.3938310727244243
pythia-2.8b-deduped,8,ablated,resid0,13,0.778076171875,2.6504133068956435
pythia-2.8b-deduped,8,ablated,resid_mid,13,0.208892822265625,2.6504133068956435
pythia-2.8b-deduped,8,ablated,resid_final,13,0.29931640625,2.6504133068956435
pythia-2.8b-deduped,8,ablated,resid0,14,0.79278564453125,2.344458152074367
pythia-2.8b-deduped,8,ablated,resid_mid,14,0.1876220703125,2.344458152074367
pythia-2.8b-deduped,8,ablated,resid_final,14,0.325408935546875,2.344458152074367
pythia-2.8b-deduped,8,ablated,resid0,15,0.854736328125,3.235964230960235
pythia-2.8b-deduped,8,ablated,resid_mid,15,0.207489013671875,3.235964230960235
pythia-2.8b-deduped,8,ablated,resid_final,15,0.38226318359375,3.235964230960235
pythia-2.8b-deduped,8,ablated,resid0,16,0.911590576171875,2.7464090744033456
pythia-2.8b-deduped,8,ablated,resid_mid,16,0.22320556640625,2.7464090744033456
pythia-2.8b-deduped,8,ablated,resid_final,16,0.361083984375,2.7464090744033456
pythia-2.8b-deduped,8,ablated,resid0,17,0.804473876953125,1.8195998333394527
pythia-2.8b-deduped,8,ablated,resid_mid,17,0.2261962890625,1.8195998333394527
pythia-2.8b-deduped,8,ablated,resid_final,17,0.34808349609375,1.8195998333394527
pythia-2.8b-deduped,8,ablated,resid0,18,0.791717529296875,2.171384882181883
pythia-2.8b-deduped,8,ablated,resid_mid,18,0.240631103515625,2.171384882181883
pythia-2.8b-deduped,8,ablated,resid_final,18,0.40380859375,2.171384882181883
pythia-2.8b-deduped,8,ablated,resid0,19,0.884002685546875,2.7687939014285803
pythia-2.8b-deduped,8,ablated,resid_mid,19,0.20416259765625,2.7687939014285803
pythia-2.8b-deduped,8,ablated,resid_final,19,0.43707275390625,2.7687939014285803
pythia-2.8b-deduped,8,ablated,resid0,20,0.807861328125,2.5416801255196333
pythia-2.8b-deduped,8,ablated,resid_mid,20,0.217132568359375,2.5416801255196333
pythia-2.8b-deduped,8,ablated,resid_final,20,0.32427978515625,2.5416801255196333
pythia-2.8b-deduped,8,ablated,resid0,21,0.79595947265625,2.709950065240264
pythia-2.8b-deduped,8,ablated,resid_mid,21,0.214935302734375,2.709950065240264
pythia-2.8b-deduped,8,ablated,resid_final,21,0.3455810546875,2.709950065240264
pythia-2.8b-deduped,8,ablated,resid0,22,0.836517333984375,2.361953614745289
pythia-2.8b-deduped,8,ablated,resid_mid,22,0.22503662109375,2.361953614745289
pythia-2.8b-deduped,8,ablated,resid_final,22,0.37408447265625,2.361953614745289
pythia-2.8b-deduped,8,ablated,resid0,23,0.90582275390625,2.2512345826253295
pythia-2.8b-deduped,8,ablated,resid_mid,23,0.23712158203125,2.2512345826253295
pythia-2.8b-deduped,8,ablated,resid_final,23,0.39739990234375,2.2512345826253295
pythia-2.8b-deduped,8,ablated,resid0,24,0.849029541015625,2.3024696099746507
pythia-2.8b-deduped,8,ablated,resid_mid,24,0.206634521484375,2.3024696099746507
pythia-2.8b-deduped,8,ablated,resid_final,24,0.3663330078125,2.3024696099746507
pythia-2.8b-deduped,8,ablated,resid0,25,0.87396240234375,2.2662765620762
pythia-2.8b-deduped,8,ablated,resid_mid,25,0.236968994140625,2.2662765620762
pythia-2.8b-deduped,8,ablated,resid_final,25,0.360260009765625,2.2662765620762
pythia-2.8b-deduped,8,ablated,resid0,26,0.8701171875,2.156952092424035
pythia-2.8b-deduped,8,ablated,resid_mid,26,0.2032470703125,2.156952092424035
pythia-2.8b-deduped,8,ablated,resid_final,26,0.38848876953125,2.156952092424035
pythia-2.8b-deduped,8,ablated,resid0,27,0.80938720703125,2.3778365154284984
pythia-2.8b-deduped,8,ablated,resid_mid,27,0.174713134765625,2.3778365154284984
pythia-2.8b-deduped,8,ablated,resid_final,27,0.25189208984375,2.3778365154284984
pythia-2.8b-deduped,8,ablated,resid0,28,0.8828125,2.7697421825723723
pythia-2.8b-deduped,8,ablated,resid_mid,28,0.2254638671875,2.7697421825723723
pythia-2.8b-deduped,8,ablated,resid_final,28,0.41796875,2.7697421825723723
pythia-2.8b-deduped,8,ablated,resid0,29,0.863983154296875,1.9771092091687024
pythia-2.8b-deduped,8,ablated,resid_mid,29,0.24957275390625,1.9771092091687024
pythia-2.8b-deduped,8,ablated,resid_final,29,0.425994873046875,1.9771092091687024
pythia-2.8b-deduped,8,ablated,resid0,30,0.680145263671875,1.5760966427624226
pythia-2.8b-deduped,8,ablated,resid_mid,30,0.216156005859375,1.5760966427624226
pythia-2.8b-deduped,8,ablated,resid_final,30,0.277008056640625,1.5760966427624226
pythia-2.8b-deduped,8,ablated,resid0,31,0.88323974609375,2.904916536062956
pythia-2.8b-deduped,8,ablated,resid_mid,31,0.232177734375,2.904916536062956
pythia-2.8b-deduped,8,ablated,resid_final,31,0.497802734375,2.904916536062956
pythia-2.8b-deduped,8,ablated,resid0,32,0.787261962890625,1.7707405391847715
pythia-2.8b-deduped,8,ablated,resid_mid,32,0.226776123046875,1.7707405391847715
pythia-2.8b-deduped,8,ablated,resid_final,32,0.27288818359375,1.7707405391847715
pythia-2.8b-deduped,8,ablated,resid0,33,0.877166748046875,2.41116132424213
pythia-2.8b-deduped,8,ablated,resid_mid,33,0.22918701171875,2.41116132424213
pythia-2.8b-deduped,8,ablated,resid_final,33,0.32354736328125,2.41116132424213
pythia-2.8b-deduped,8,ablated,resid0,34,0.920745849609375,2.173834729474038
pythia-2.8b-deduped,8,ablated,resid_mid,34,0.261383056640625,2.173834729474038
pythia-2.8b-deduped,8,ablated,resid_final,34,0.46112060546875,2.173834729474038
pythia-2.8b-deduped,8,ablated,resid0,35,0.843597412109375,1.63856082665734
pythia-2.8b-deduped,8,ablated,resid_mid,35,0.22027587890625,1.63856082665734
pythia-2.8b-deduped,8,ablated,resid_final,35,0.39117431640625,1.63856082665734
pythia-2.8b-deduped,8,ablated,resid0,36,0.7347412109375,1.9536552398349158
pythia-2.8b-deduped,8,ablated,resid_mid,36,0.213592529296875,1.9536552398349158
pythia-2.8b-deduped,8,ablated,resid_final,36,0.315521240234375,1.9536552398349158
pythia-2.8b-deduped,8,ablated,resid0,37,0.9051513671875,2.61782094091177
pythia-2.8b-deduped,8,ablated,resid_mid,37,0.253326416015625,2.61782094091177
pythia-2.8b-deduped,8,ablated,resid_final,37,0.467742919921875,2.61782094091177
pythia-2.8b-deduped,8,ablated,resid0,38,0.9161376953125,2.1088395521510392
pythia-2.8b-deduped,8,ablated,resid_mid,38,0.226959228515625,2.1088395521510392
pythia-2.8b-deduped,8,ablated,resid_final,38,0.461761474609375,2.1088395521510392
pythia-2.8b-deduped,8,ablated,resid0,39,0.858154296875,1.7230258837698784
pythia-2.8b-deduped,8,ablated,resid_mid,39,0.234375,1.7230258837698784
pythia-2.8b-deduped,8,ablated,resid_final,39,0.394561767578125,1.7230258837698784
pythia-2.8b-deduped,8,ablated,resid0,40,0.813201904296875,1.7928465145232622
pythia-2.8b-deduped,8,ablated,resid_mid,40,0.2254638671875,1.7928465145232622
pythia-2.8b-deduped,8,ablated,resid_final,40,0.349884033203125,1.7928465145232622
pythia-2.8b-deduped,8,ablated,resid0,41,0.84759521484375,2.230574990011519
pythia-2.8b-deduped,8,ablated,resid_mid,41,0.243408203125,2.230574990011519
pythia-2.8b-deduped,8,ablated,resid_final,41,0.408203125,2.230574990011519
pythia-2.8b-deduped,8,ablated,resid0,42,0.847808837890625,1.7454519593156874
pythia-2.8b-deduped,8,ablated,resid_mid,42,0.2373046875,1.7454519593156874
pythia-2.8b-deduped,8,ablated,resid_final,42,0.357940673828125,1.7454519593156874
pythia-2.8b-deduped,8,ablated,resid0,43,0.91607666015625,2.630142207024619
pythia-2.8b-deduped,8,ablated,resid_mid,43,0.2393798828125,2.630142207024619
pythia-2.8b-deduped,8,ablated,resid_final,43,0.41168212890625,2.630142207024619
pythia-2.8b-deduped,8,ablated,resid0,44,0.888031005859375,1.7045306686777622
pythia-2.8b-deduped,8,ablated,resid_mid,44,0.23175048828125,1.7045306686777622
pythia-2.8b-deduped,8,ablated,resid_final,44,0.345062255859375,1.7045306686777622
pythia-2.8b-deduped,8,ablated,resid0,45,0.8038330078125,2.2002375746378675
pythia-2.8b-deduped,8,ablated,resid_mid,45,0.230926513671875,2.2002375746378675
pythia-2.8b-deduped,8,ablated,resid_final,45,0.383514404296875,2.2002375746378675
pythia-2.8b-deduped,8,ablated,resid0,46,0.750091552734375,1.7177656097337604
pythia-2.8b-deduped,8,ablated,resid_mid,46,0.230804443359375,1.7177656097337604
pythia-2.8b-deduped,8,ablated,resid_final,46,0.330657958984375,1.7177656097337604
pythia-2.8b-deduped,8,ablated,logits,47,,2.4868568894453347
pythia-2.8b-deduped,26,ablated,resid0,0,0.9385986328125,3.638146698474884
pythia-2.8b-deduped,26,ablated,resid_mid,0,0.23577880859375,3.638146698474884
pythia-2.8b-deduped,26,ablated,resid_final,0,0.350372314453125,3.638146698474884
pythia-2.8b-deduped,26,ablated,resid0,1,0.781005859375,3.591899812221527
pythia-2.8b-deduped,26,ablated,resid_mid,1,0.22320556640625,3.591899812221527
pythia-2.8b-deduped,26,ablated,resid_final,1,0.379974365234375,3.591899812221527
pythia-2.8b-deduped,26,ablated,resid0,2,0.6356201171875,3.433965254575014
pythia-2.8b-deduped,26,ablated,resid_mid,2,0.18157958984375,3.433965254575014
pythia-2.8b-deduped,26,ablated,resid_final,2,0.251800537109375,3.433965254575014
pythia-2.8b-deduped,26,ablated,resid0,3,0.84185791015625,4.656578226014972
pythia-2.8b-deduped,26,ablated,resid_mid,3,0.189971923828125,4.656578226014972
pythia-2.8b-deduped,26,ablated,resid_final,3,0.4896240234375,4.656578226014972
pythia-2.8b-deduped,26,ablated,resid0,4,0.868072509765625,4.100913554430008
pythia-2.8b-deduped,26,ablated,resid_mid,4,0.20849609375,4.100913554430008
pythia-2.8b-deduped,26,ablated,resid_final,4,0.28759765625,4.100913554430008
pythia-2.8b-deduped,26,ablated,resid0,5,0.9063720703125,3.334534417837858
pythia-2.8b-deduped,26,ablated,resid_mid,5,0.208709716796875,3.334534417837858
pythia-2.8b-deduped,26,ablated,resid_final,5,0.330047607421875,3.334534417837858
pythia-2.8b-deduped,26,ablated,resid0,6,0.8846435546875,3.7022731913020834
pythia-2.8b-deduped,26,ablated,resid_mid,6,0.1971435546875,3.7022731913020834
pythia-2.8b-deduped,26,ablated,resid_final,6,0.36627197265625,3.7022731913020834
pythia-2.8b-deduped,26,ablated,resid0,7,0.86163330078125,3.3597900196909904
pythia-2.8b-deduped,26,ablated,resid_mid,7,0.2003173828125,3.3597900196909904
pythia-2.8b-deduped,26,ablated,resid_final,7,0.32672119140625,3.3597900196909904
pythia-2.8b-deduped,26,ablated,resid0,8,0.798095703125,3.0892478727637354
pythia-2.8b-deduped,26,ablated,resid_mid,8,0.209259033203125,3.0892478727637354
pythia-2.8b-deduped,26,ablated,resid_final,8,0.29107666015625,3.0892478727637354
pythia-2.8b-deduped,26,ablated,resid0,9,0.901519775390625,3.014758426696062
pythia-2.8b-deduped,26,ablated,resid_mid,9,0.212493896484375,3.014758426696062
pythia-2.8b-deduped,26,ablated,resid_final,9,0.43585205078125,3.014758426696062
pythia-2.8b-deduped,26,ablated,resid0,10,0.87176513671875,2.6406040396541357
pythia-2.8b-deduped,26,ablated,resid_mid,10,0.203765869140625,2.6406040396541357
pythia-2.8b-deduped,26,ablated,resid_final,10,0.356964111328125,2.6406040396541357
pythia-2.8b-deduped,26,ablated,resid0,11,0.88922119140625,2.7005453351011965
pythia-2.8b-deduped,26,ablated,resid_mid,11,0.220367431640625,2.7005453351011965
pythia-2.8b-deduped,26,ablated,resid_final,11,0.40777587890625,2.7005453351011965
pythia-2.8b-deduped,26,ablated,resid0,12,0.83148193359375,2.003113803220913
pythia-2.8b-deduped,26,ablated,resid_mid,12,0.1922607421875,2.003113803220913
pythia-2.8b-deduped,26,ablated,resid_final,12,0.316497802734375,2.003113803220913
pythia-2.8b-deduped,26,ablated,resid0,13,0.848297119140625,3.170394544955343
pythia-2.8b-deduped,26,ablated,resid_mid,13,0.20947265625,3.170394544955343
pythia-2.8b-deduped,26,ablated,resid_final,13,0.45068359375,3.170394544955343
pythia-2.8b-deduped,26,ablated,resid0,14,0.880859375,2.2079614647082053
pythia-2.8b-deduped,26,ablated,resid_mid,14,0.18560791015625,2.2079614647082053
pythia-2.8b-deduped,26,ablated,resid_final,14,0.343994140625,2.2079614647082053
pythia-2.8b-deduped,26,ablated,resid0,15,0.895782470703125,2.9948040375020355
pythia-2.8b-deduped,26,ablated,resid_mid,15,0.2159423828125,2.9948040375020355
pythia-2.8b-deduped,26,ablated,resid_final,15,0.377655029296875,2.9948040375020355
pythia-2.8b-deduped,26,ablated,resid0,16,0.849822998046875,2.2566291224211454
pythia-2.8b-deduped,26,ablated,resid_mid,16,0.2093505859375,2.2566291224211454
pythia-2.8b-deduped,26,ablated,resid_final,16,0.324462890625,2.2566291224211454
pythia-2.8b-deduped,26,ablated,resid0,17,0.80780029296875,2.9510697051882744
pythia-2.8b-deduped,26,ablated,resid_mid,17,0.19354248046875,2.9510697051882744
pythia-2.8b-deduped,26,ablated,resid_final,17,0.410888671875,2.9510697051882744
pythia-2.8b-deduped,26,ablated,resid0,18,0.790618896484375,2.8969981586560607
pythia-2.8b-deduped,26,ablated,resid_mid,18,0.19061279296875,2.8969981586560607
pythia-2.8b-deduped,26,ablated,resid_final,18,0.2919921875,2.8969981586560607
pythia-2.8b-deduped,26,ablated,resid0,19,0.911163330078125,3.041765708476305
pythia-2.8b-deduped,26,ablated,resid_mid,19,0.198822021484375,3.041765708476305
pythia-2.8b-deduped,26,ablated,resid_final,19,0.345428466796875,3.041765708476305
pythia-2.8b-deduped,26,ablated,resid0,20,0.9183349609375,1.965830153785646
pythia-2.8b-deduped,26,ablated,resid_mid,20,0.214752197265625,1.965830153785646
pythia-2.8b-deduped,26,ablated,resid_final,20,0.35333251953125,1.965830153785646
pythia-2.8b-deduped,26,ablated,resid0,21,0.799468994140625,1.8622205919236876
pythia-2.8b-deduped,26,ablated,resid_mid,21,0.2076416015625,1.8622205919236876
pythia-2.8b-deduped,26,ablated,resid_final,21,0.291717529296875,1.8622205919236876
pythia-2.8b-deduped,26,ablated,resid0,22,0.84014892578125,2.458825670182705
pythia-2.8b-deduped,26,ablated,resid_mid,22,0.211181640625,2.458825670182705
pythia-2.8b-deduped,26,ablated,resid_final,22,0.347747802734375,2.458825670182705
pythia-2.8b-deduped,26,ablated,resid0,23,0.882965087890625,2.4321455666795373
pythia-2.8b-deduped,26,ablated,resid_mid,23,0.236053466796875,2.4321455666795373
pythia-2.8b-deduped,26,ablated,resid_final,23,0.36627197265625,2.4321455666795373
pythia-2.8b-deduped,26,ablated,resid0,24,0.772003173828125,1.5722799696377479
pythia-2.8b-deduped,26,ablated,resid_mid,24,0.21588134765625,1.5722799696377479
pythia-2.8b-deduped,26,ablated,resid_final,24,0.393402099609375,1.5722799696377479
pythia-2.8b-deduped,26,ablated,resid0,25,0.820404052734375,2.7647425867144193
pythia-2.8b-deduped,26,ablated,resid_mid,25,0.1986083984375,2.7647425867144193
pythia-2.8b-deduped,26,ablated,resid_final,25,0.4781494140625,2.7647425867144193
pythia-2.8b-deduped,26,ablated,resid0,26,0.841094970703125,3.1686671478673816
pythia-2.8b-deduped,26,ablated,resid_mid,26,0.205474853515625,3.1686671478673816
pythia-2.8b-deduped,26,ablated,resid_final,26,0.412353515625,3.1686671478673816
pythia-2.8b-deduped,26,ablated,resid0,27,0.8460693359375,2.672351361834444
pythia-2.8b-deduped,26,ablated,resid_mid,27,0.201385498046875,2.672351361834444
pythia-2.8b-deduped,26,ablated,resid_final,27,0.380126953125,2.672351361834444
pythia-2.8b-deduped,26,ablated,resid0,28,0.748046875,2.108055505901575
pythia-2.8b-deduped,26,ablated,resid_mid,28,0.2152099609375,2.108055505901575
pythia-2.8b-deduped,26,ablated,resid_final,28,0.334564208984375,2.108055505901575
pythia-2.8b-deduped,26,ablated,resid0,29,0.911102294921875,2.1846673325635493
pythia-2.8b-deduped,26,ablated,resid_mid,29,0.234771728515625,2.1846673325635493
pythia-2.8b-deduped,26,ablated,resid_final,29,0.43133544921875,2.1846673325635493
pythia-2.8b-deduped,26,ablated,resid0,30,0.92266845703125,2.3375435983907664
pythia-2.8b-deduped,26,ablated,resid_mid,30,0.22998046875,2.3375435983907664
pythia-2.8b-deduped,26,ablated,resid_final,30,0.3414306640625,2.3375435983907664
pythia-2.8b-deduped,26,ablated,resid0,31,0.855743408203125,2.0142761766910553
pythia-2.8b-deduped,26,ablated,resid_mid,31,0.20751953125,2.0142761766910553
pythia-2.8b-deduped,26,ablated,resid_final,31,0.337615966796875,2.0142761766910553
pythia-2.8b-deduped,26,ablated,resid0,32,0.79254150390625,1.9268807780463248
pythia-2.8b-deduped,26,ablated,resid_mid,32,0.219696044921875,1.9268807780463248
pythia-2.8b-deduped,26,ablated,resid_final,32,0.359527587890625,1.9268807780463248
pythia-2.8b-deduped,26,ablated,resid0,33,0.791229248046875,2.2772933354135603
pythia-2.8b-deduped,26,ablated,resid_mid,33,0.20794677734375,2.2772933354135603
pythia-2.8b-deduped,26,ablated,resid_final,33,0.31488037109375,2.2772933354135603
pythia-2.8b-deduped,26,ablated,resid0,34,0.79388427734375,2.1750006126239896
pythia-2.8b-deduped,26,ablated,resid_mid,34,0.20068359375,2.1750006126239896
pythia-2.8b-deduped,26,ablated,resid_final,34,0.382537841796875,2.1750006126239896
pythia-2.8b-deduped,26,ablated,resid0,35,0.82147216796875,2.094727668329142
pythia-2.8b-deduped,26,ablated,resid_mid,35,0.174407958984375,2.094727668329142
pythia-2.8b-deduped,26,ablated,resid_final,35,0.383636474609375,2.094727668329142
pythia-2.8b-deduped,26,ablated,resid0,36,0.90692138671875,2.4808203757274896
pythia-2.8b-deduped,26,ablated,resid_mid,36,0.19915771484375,2.4808203757274896
pythia-2.8b-deduped,26,ablated,resid_final,36,0.309112548828125,2.4808203757274896
pythia-2.8b-deduped,26,ablated,resid0,37,0.924957275390625,2.1197556207189336
pythia-2.8b-deduped,26,ablated,resid_mid,37,0.231689453125,2.1197556207189336
pythia-2.8b-deduped,26,ablated,resid_final,37,0.364105224609375,2.1197556207189336
pythia-2.8b-deduped,26,ablated,resid0,38,0.917327880859375,1.5077321300050244
pythia-2.8b-deduped,26,ablated,resid_mid,38,0.23712158203125,1.5077321300050244
pythia-2.8b-deduped,26,ablated,resid_final,38,0.403167724609375,1.5077321300050244
pythia-2.8b-deduped,26,ablated,resid0,39,0.86395263671875,1.5786714881087391
pythia-2.8b-deduped,26,ablated,resid_mid,39,0.23388671875,1.5786714881087391
pythia-2.8b-deduped,26,ablated,resid_final,39,0.40399169921875,1.5786714881087391
pythia-2.8b-deduped,26,ablated,resid0,40,0.756317138671875,2.1434192813467234
pythia-2.8b-deduped,26,ablated,resid_mid,40,0.201995849609375,2.1434192813467234
pythia-2.8b-deduped,26,ablated,resid_final,40,0.385589599609375,2.1434192813467234
pythia-2.8b-deduped,26,ablated,resid0,41,0.836944580078125,1.9037809110013768
pythia-2.8b-deduped,26,ablated,resid_mid,41,0.218658447265625,1.9037809110013768
pythia-2.8b-deduped,26,ablated,resid_final,41,0.43365478515625,1.9037809110013768
pythia-2.8b-deduped,26,ablated,resid0,42,0.862701416015625,1.963037554960465
pythia-2.8b-deduped,26,ablated,resid_mid,42,0.228424072265625,1.963037554960465
pythia-2.8b-deduped,26,ablated,resid_final,42,0.482330322265625,1.963037554960465
pythia-2.8b-deduped,26,ablated,resid0,43,0.79742431640625,2.2209414242533967
pythia-2.8b-deduped,26,ablated,resid_mid,43,0.232025146484375,2.2209414242533967
pythia-2.8b-deduped,26,ablated,resid_final,43,0.415069580078125,2.2209414242533967
pythia-2.8b-deduped,26,ablated,resid0,44,0.762420654296875,1.6844476333353668
pythia-2.8b-deduped,26,ablated,resid_mid,44,0.23443603515625,1.6844476333353668
pythia-2.8b-deduped,26,ablated,resid_final,44,0.3743896484375,1.6844476333353668
pythia-2.8b-deduped,26,ablated,resid0,45,0.84039306640625,2.2037628018297255
pythia-2.8b-deduped,26,ablated,resid_mid,45,0.22564697265625,2.2037628018297255
pythia-2.8b-deduped,26,ablated,resid_final,45,0.491455078125,2.2037628018297255
pythia-2.8b-deduped,26,ablated,resid0,46,0.85260009765625,1.3394480166316498
pythia-2.8b-deduped,26,ablated,resid_mid,46,0.250885009765625,1.3394480166316498
pythia-2.8b-deduped,26,ablated,resid_final,46,0.363006591796875,1.3394480166316498
pythia-2.8b-deduped,26,ablated,logits,47,,1.372003705240786
pythia-2.8b-deduped,27,ablated,resid0,0,0.9359130859375,3.5753628313541412
pythia-2.8b-deduped,27,ablated,resid_mid,0,0.249908447265625,3.5753628313541412
pythia-2.8b-deduped,27,ablated,resid_final,0,0.42010498046875,3.5753628313541412
pythia-2.8b-deduped,27,ablated,resid0,1,0.789031982421875,3.5951875522732735
pythia-2.8b-deduped,27,ablated,resid_mid,1,0.243621826171875,3.5951875522732735
pythia-2.8b-deduped,27,ablated,resid_final,1,0.426727294921875,3.5951875522732735
pythia-2.8b-deduped,27,ablated,resid0,2,0.5699462890625,2.9070855248719454
pythia-2.8b-deduped,27,ablated,resid_mid,2,0.18511962890625,2.9070855248719454
pythia-2.8b-deduped,27,ablated,resid_final,2,0.282257080078125,2.9070855248719454
pythia-2.8b-deduped,27,ablated,resid0,3,0.874420166015625,4.731129557825625
pythia-2.8b-deduped,27,ablated,resid_mid,3,0.23486328125,4.731129557825625
pythia-2.8b-deduped,27,ablated,resid_final,3,0.56695556640625,4.731129557825625
pythia-2.8b-deduped,27,ablated,resid0,4,0.9200439453125,3.8385167391970754
pythia-2.8b-deduped,27,ablated,resid_mid,4,0.211883544921875,3.8385167391970754
pythia-2.8b-deduped,27,ablated,resid_final,4,0.331634521484375,3.8385167391970754
pythia-2.8b-deduped,27,ablated,resid0,5,0.79766845703125,3.443141191659379
pythia-2.8b-deduped,27,ablated,resid_mid,5,0.226837158203125,3.443141191659379
pythia-2.8b-deduped,27,ablated,resid_final,5,0.377593994140625,3.443141191659379
pythia-2.8b-deduped,27,ablated,resid0,6,0.917144775390625,3.795404352073092
pythia-2.8b-deduped,27,ablated,resid_mid,6,0.180908203125,3.795404352073092
pythia-2.8b-deduped,27,ablated,resid_final,6,0.400390625,3.795404352073092
pythia-2.8b-deduped,27,ablated,resid0,7,0.878021240234375,3.4981395304203033
pythia-2.8b-deduped,27,ablated,resid_mid,7,0.198028564453125,3.4981395304203033
pythia-2.8b-deduped,27,ablated,resid_final,7,0.352447509765625,3.4981395304203033
pythia-2.8b-deduped,27,ablated,resid0,8,0.908050537109375,3.7783766128122807
pythia-2.8b-deduped,27,ablated,resid_mid,8,0.19970703125,3.7783766128122807
pythia-2.8b-deduped,27,ablated,resid_final,8,0.349822998046875,3.7783766128122807
pythia-2.8b-deduped,27,ablated,resid0,9,0.817108154296875,2.9915920421481133
pythia-2.8b-deduped,27,ablated,resid_mid,9,0.194610595703125,2.9915920421481133
pythia-2.8b-deduped,27,ablated,resid_final,9,0.3201904296875,2.9915920421481133
pythia-2.8b-deduped,27,ablated,resid0,10,0.89801025390625,3.2490574214607477
pythia-2.8b-deduped,27,ablated,resid_mid,10,0.201568603515625,3.2490574214607477
pythia-2.8b-deduped,27,ablated,resid_final,10,0.351898193359375,3.2490574214607477
pythia-2.8b-deduped,27,ablated,resid0,11,0.8885498046875,3.024846002459526
pythia-2.8b-deduped,27,ablated,resid_mid,11,0.18280029296875,3.024846002459526
pythia-2.8b-deduped,27,ablated,resid_final,11,0.264923095703125,3.024846002459526
pythia-2.8b-deduped,27,ablated,resid0,12,0.87188720703125,3.151410795748234
pythia-2.8b-deduped,27,ablated,resid_mid,12,0.191680908203125,3.151410795748234
pythia-2.8b-deduped,27,ablated,resid_final,12,0.29998779296875,3.151410795748234
pythia-2.8b-deduped,27,ablated,resid0,13,0.905548095703125,2.8744694851338863
pythia-2.8b-deduped,27,ablated,resid_mid,13,0.201446533203125,2.8744694851338863
pythia-2.8b-deduped,27,ablated,resid_final,13,0.31414794921875,2.8744694851338863
pythia-2.8b-deduped,27,ablated,resid0,14,0.881317138671875,2.8883687218185514
pythia-2.8b-deduped,27,ablated,resid_mid,14,0.189788818359375,2.8883687218185514
pythia-2.8b-deduped,27,ablated,resid_final,14,0.34246826171875,2.8883687218185514
pythia-2.8b-deduped,27,ablated,resid0,15,0.843170166015625,2.82094170153141
pythia-2.8b-deduped,27,ablated,resid_mid,15,0.199188232421875,2.82094170153141
pythia-2.8b-deduped,27,ablated,resid_final,15,0.376220703125,2.82094170153141
pythia-2.8b-deduped,27,ablated,resid0,16,0.837799072265625,2.6846173342783004
pythia-2.8b-deduped,27,ablated,resid_mid,16,0.191864013671875,2.6846173342783004
pythia-2.8b-deduped,27,ablated,resid_final,16,0.41204833984375,2.6846173342783004
pythia-2.8b-deduped,27,ablated,resid0,17,0.8123779296875,2.357353803701699
pythia-2.8b-deduped,27,ablated,resid_mid,17,0.210845947265625,2.357353803701699
pythia-2.8b-deduped,27,ablated,resid_final,17,0.2733154296875,2.357353803701699
pythia-2.8b-deduped,27,ablated,resid0,18,0.784088134765625,2.7259679925628006
pythia-2.8b-deduped,27,ablated,resid_mid,18,0.1978759765625,2.7259679925628006
pythia-2.8b-deduped,27,ablated,resid_final,18,0.46649169921875,2.7259679925628006
pythia-2.8b-deduped,27,ablated,resid0,19,0.709075927734375,3.6254313717363402
pythia-2.8b-deduped,27,ablated,resid_mid,19,0.18682861328125,3.6254313717363402
pythia-2.8b-deduped,27,ablated,resid_final,19,0.40899658203125,3.6254313717363402
pythia-2.8b-deduped,27,ablated,resid0,20,0.90643310546875,2.885723678395152
pythia-2.8b-deduped,27,ablated,resid_mid,20,0.2275390625,2.885723678395152
pythia-2.8b-deduped,27,ablated,resid_final,20,0.449859619140625,2.885723678395152
pythia-2.8b-deduped,27,ablated,resid0,21,0.9039306640625,2.1110598342493176
pythia-2.8b-deduped,27,ablated,resid_mid,21,0.20831298828125,2.1110598342493176
pythia-2.8b-deduped,27,ablated,resid_final,21,0.458831787109375,2.1110598342493176
pythia-2.8b-deduped,27,ablated,resid0,22,0.85955810546875,2.693072834983468
pythia-2.8b-deduped,27,ablated,resid_mid,22,0.1922607421875,2.693072834983468
pythia-2.8b-deduped,27,ablated,resid_final,22,0.306182861328125,2.693072834983468
pythia-2.8b-deduped,27,ablated,resid0,23,0.84954833984375,3.214460104703903
pythia-2.8b-deduped,27,ablated,resid_mid,23,0.177001953125,3.214460104703903
pythia-2.8b-deduped,27,ablated,resid_final,23,0.3927001953125,3.214460104703903
pythia-2.8b-deduped,27,ablated,resid0,24,0.877593994140625,3.169668053742498
pythia-2.8b-deduped,27,ablated,resid_mid,24,0.221710205078125,3.169668053742498
pythia-2.8b-deduped,27,ablated,resid_final,24,0.37738037109375,3.169668053742498
pythia-2.8b-deduped,27,ablated,resid0,25,0.859344482421875,2.0150297961663455
pythia-2.8b-deduped,27,ablated,resid_mid,25,0.223876953125,2.0150297961663455
pythia-2.8b-deduped,27,ablated,resid_final,25,0.3681640625,2.0150297961663455
pythia-2.8b-deduped,27,ablated,resid0,26,0.83203125,2.7507430410478264
pythia-2.8b-deduped,27,ablated,resid_mid,26,0.235198974609375,2.7507430410478264
pythia-2.8b-deduped,27,ablated,resid_final,26,0.37127685546875,2.7507430410478264
pythia-2.8b-deduped,27,ablated,resid0,27,0.8763427734375,2.6029557920992374
pythia-2.8b-deduped,27,ablated,resid_mid,27,0.24468994140625,2.6029557920992374
pythia-2.8b-deduped,27,ablated,resid_final,27,0.43792724609375,2.6029557920992374
pythia-2.8b-deduped,27,ablated,resid0,28,0.83758544921875,2.0438639933709055
pythia-2.8b-deduped,27,ablated,resid_mid,28,0.21136474609375,2.0438639933709055
pythia-2.8b-deduped,27,ablated,resid_final,28,0.354522705078125,2.0438639933709055
pythia-2.8b-deduped,27,ablated,resid0,29,0.869049072265625,2.871014181058854
pythia-2.8b-deduped,27,ablated,resid_mid,29,0.19671630859375,2.871014181058854
pythia-2.8b-deduped,27,ablated,resid_final,29,0.370849609375,2.871014181058854
pythia-2.8b-deduped,27,ablated,resid0,30,0.865081787109375,3.190098039805889
pythia-2.8b-deduped,27,ablated,resid_mid,30,0.169586181640625,3.190098039805889
pythia-2.8b-deduped,27,ablated,resid_final,30,0.3726806640625,3.190098039805889
pythia-2.8b-deduped,27,ablated,resid0,31,0.808197021484375,3.0838990975171328
pythia-2.8b-deduped,27,ablated,resid_mid,31,0.198516845703125,3.0838990975171328
pythia-2.8b-deduped,27,ablated,resid_final,31,0.314483642578125,3.0838990975171328
pythia-2.8b-deduped,27,ablated,resid0,32,0.858062744140625,2.452506599482149
pythia-2.8b-deduped,27,ablated,resid_mid,32,0.203826904296875,2.452506599482149
pythia-2.8b-deduped,27,ablated,resid_final,32,0.455230712890625,2.452506599482149
pythia-2.8b-deduped,27,ablated,resid0,33,0.7982177734375,2.916862288489938
pythia-2.8b-deduped,27,ablated,resid_mid,33,0.17376708984375,2.916862288489938
pythia-2.8b-deduped,27,ablated,resid_final,33,0.365203857421875,2.916862288489938
pythia-2.8b-deduped,27,ablated,resid0,34,0.8651123046875,3.3780525708571076
pythia-2.8b-deduped,27,ablated,resid_mid,34,0.19293212890625,3.3780525708571076
pythia-2.8b-deduped,27,ablated,resid_final,34,0.34747314453125,3.3780525708571076
pythia-2.8b-deduped,27,ablated,resid0,35,0.931304931640625,2.795019842684269
pythia-2.8b-deduped,27,ablated,resid_mid,35,0.222076416015625,2.795019842684269
pythia-2.8b-deduped,27,ablated,resid_final,35,0.382415771484375,2.795019842684269
pythia-2.8b-deduped,27,ablated,resid0,36,0.862640380859375,2.3745981818065047
pythia-2.8b-deduped,27,ablated,resid_mid,36,0.223236083984375,2.3745981818065047
pythia-2.8b-deduped,27,ablated,resid_final,36,0.343048095703125,2.3745981818065047
pythia-2.8b-deduped,27,ablated,resid0,37,0.833160400390625,2.188586601987481
pythia-2.8b-deduped,27,ablated,resid_mid,37,0.22418212890625,2.188586601987481
pythia-2.8b-deduped,27,ablated,resid_final,37,0.384307861328125,2.188586601987481
pythia-2.8b-deduped,27,ablated,resid0,38,0.774566650390625,2.7716441554948688
pythia-2.8b-deduped,27,ablated,resid_mid,38,0.213653564453125,2.7716441554948688
pythia-2.8b-deduped,27,ablated,resid_final,38,0.3572998046875,2.7716441554948688
pythia-2.8b-deduped,27,ablated,resid0,39,0.778076171875,1.8595007183030248
pythia-2.8b-deduped,27,ablated,resid_mid,39,0.227386474609375,1.8595007183030248
pythia-2.8b-deduped,27,ablated,resid_final,39,0.38861083984375,1.8595007183030248
pythia-2.8b-deduped,27,ablated,resid0,40,0.8671875,2.697519807610661
pythia-2.8b-deduped,27,ablated,resid_mid,40,0.229949951171875,2.697519807610661
pythia-2.8b-deduped,27,ablated,resid_final,40,0.4595947265625,2.697519807610661
pythia-2.8b-deduped,27,ablated,resid0,41,0.9432373046875,2.3916620237287134
pythia-2.8b-deduped,27,ablated,resid_mid,41,0.2279052734375,2.3916620237287134
pythia-2.8b-deduped,27,ablated,resid_final,41,0.44403076171875,2.3916620237287134
pythia-2.8b-deduped,27,ablated,resid0,42,0.915618896484375,2.313559229951352
pythia-2.8b-deduped,27,ablated,resid_mid,42,0.215362548828125,2.313559229951352
pythia-2.8b-deduped,27,ablated,resid_final,42,0.36932373046875,2.313559229951352
pythia-2.8b-deduped,27,ablated,resid0,43,0.92034912109375,2.6604723160271533
pythia-2.8b-deduped,27,ablated,resid_mid,43,0.21514892578125,2.6604723160271533
pythia-2.8b-deduped,27,ablated,resid_final,43,0.361602783203125,2.6604723160271533
pythia-2.8b-deduped,27,ablated,resid0,44,0.86627197265625,2.2299327850341797
pythia-2.8b-deduped,27,ablated,resid_mid,44,0.197998046875,2.2299327850341797
pythia-2.8b-deduped,27,ablated,resid_final,44,0.340606689453125,2.2299327850341797
pythia-2.8b-deduped,27,ablated,resid0,45,0.81146240234375,2.5037678885273635
pythia-2.8b-deduped,27,ablated,resid_mid,45,0.2191162109375,2.5037678885273635
pythia-2.8b-deduped,27,ablated,resid_final,45,0.48333740234375,2.5037678885273635
pythia-2.8b-deduped,27,ablated,resid0,46,0.80523681640625,2.009156859945506
pythia-2.8b-deduped,27,ablated,resid_mid,46,0.239990234375,2.009156859945506
pythia-2.8b-deduped,27,ablated,resid_final,46,0.42401123046875,2.009156859945506
pythia-2.8b-deduped,27,ablated,logits,47,,1.8024036851711571
pythia-2.8b-deduped,31,ablated,resid0,0,0.926361083984375,3.6224093437194824
pythia-2.8b-deduped,31,ablated,resid_mid,0,0.22528076171875,3.6224093437194824
pythia-2.8b-deduped,31,ablated,resid_final,0,0.3487548828125,3.6224093437194824
pythia-2.8b-deduped,31,ablated,resid0,1,0.755340576171875,3.65917956084013
pythia-2.8b-deduped,31,ablated,resid_mid,1,0.20721435546875,3.65917956084013
pythia-2.8b-deduped,31,ablated,resid_final,1,0.379150390625,3.65917956084013
pythia-2.8b-deduped,31,ablated,resid0,2,0.699737548828125,3.8574143201112747
pythia-2.8b-deduped,31,ablated,resid_mid,2,0.18548583984375,3.8574143201112747
pythia-2.8b-deduped,31,ablated,resid_final,2,0.2528076171875,3.8574143201112747
pythia-2.8b-deduped,31,ablated,resid0,3,0.8426513671875,4.209828295279294
pythia-2.8b-deduped,31,ablated,resid_mid,3,0.205596923828125,4.209828295279294
pythia-2.8b-deduped,31,ablated,resid_final,3,0.45074462890625,4.209828295279294
pythia-2.8b-deduped,31,ablated,resid0,4,0.846588134765625,4.013156600296497
pythia-2.8b-deduped,31,ablated,resid_mid,4,0.20648193359375,4.013156600296497
pythia-2.8b-deduped,31,ablated,resid_final,4,0.310028076171875,4.013156600296497
pythia-2.8b-deduped,31,ablated,resid0,5,0.844451904296875,3.452172734600026
pythia-2.8b-deduped,31,ablated,resid_mid,5,0.221649169921875,3.452172734600026
pythia-2.8b-deduped,31,ablated,resid_final,5,0.342987060546875,3.452172734600026
pythia-2.8b-deduped,31,ablated,resid0,6,0.794036865234375,3.2022278557496975
pythia-2.8b-deduped,31,ablated,resid_mid,6,0.21331787109375,3.2022278557496975
pythia-2.8b-deduped,31,ablated,resid_final,6,0.42486572265625,3.2022278557496975
pythia-2.8b-deduped,31,ablated,resid0,7,0.786773681640625,3.620660461485386
pythia-2.8b-deduped,31,ablated,resid_mid,7,0.209930419921875,3.620660461485386
pythia-2.8b-deduped,31,ablated,resid_final,7,0.36785888671875,3.620660461485386
pythia-2.8b-deduped,31,ablated,resid0,8,0.8040771484375,2.9331970519851893
pythia-2.8b-deduped,31,ablated,resid_mid,8,0.23590087890625,2.9331970519851893
pythia-2.8b-deduped,31,ablated,resid_final,8,0.360382080078125,2.9331970519851893
pythia-2.8b-deduped,31,ablated,resid0,9,0.89105224609375,2.838373022059386
pythia-2.8b-deduped,31,ablated,resid_mid,9,0.2232666015625,2.838373022059386
pythia-2.8b-deduped,31,ablated,resid_final,9,0.367462158203125,2.838373022059386
pythia-2.8b-deduped,31,ablated,resid0,10,0.8482666015625,2.9338009169323414
pythia-2.8b-deduped,31,ablated,resid_mid,10,0.238861083984375,2.9338009169323414
pythia-2.8b-deduped,31,ablated,resid_final,10,0.421417236328125,2.9338009169323414
pythia-2.8b-deduped,31,ablated,resid0,11,0.93768310546875,3.083273562369868
pythia-2.8b-deduped,31,ablated,resid_mid,11,0.2391357421875,3.083273562369868
pythia-2.8b-deduped,31,ablated,resid_final,11,0.453948974609375,3.083273562369868
pythia-2.8b-deduped,31,ablated,resid0,12,0.88250732421875,2.426602675463073
pythia-2.8b-deduped,31,ablated,resid_mid,12,0.216217041015625,2.426602675463073
pythia-2.8b-deduped,31,ablated,resid_final,12,0.294036865234375,2.426602675463073
pythia-2.8b-deduped,31,ablated,resid0,13,0.812347412109375,2.570532322395593
pythia-2.8b-deduped,31,ablated,resid_mid,13,0.20294189453125,2.570532322395593
pythia-2.8b-deduped,31,ablated,resid_final,13,0.32275390625,2.570532322395593
pythia-2.8b-deduped,31,ablated,resid0,14,0.916015625,2.5848774968180805
pythia-2.8b-deduped,31,ablated,resid_mid,14,0.2298583984375,2.5848774968180805
pythia-2.8b-deduped,31,ablated,resid_final,14,0.328094482421875,2.5848774968180805
pythia-2.8b-deduped,31,ablated,resid0,15,0.84613037109375,2.236234919866547
pythia-2.8b-deduped,31,ablated,resid_mid,15,0.241241455078125,2.236234919866547
pythia-2.8b-deduped,31,ablated,resid_final,15,0.400146484375,2.236234919866547
pythia-2.8b-deduped,31,ablated,resid0,16,0.819976806640625,2.4289837144315243
pythia-2.8b-deduped,31,ablated,resid_mid,16,0.196990966796875,2.4289837144315243
pythia-2.8b-deduped,31,ablated,resid_final,16,0.3653564453125,2.4289837144315243
pythia-2.8b-deduped,31,ablated,resid0,17,0.906494140625,2.6905954089015722
pythia-2.8b-deduped,31,ablated,resid_mid,17,0.204345703125,2.6905954089015722
pythia-2.8b-deduped,31,ablated,resid_final,17,0.372955322265625,2.6905954089015722
pythia-2.8b-deduped,31,ablated,resid0,18,0.81915283203125,2.759649362647906
pythia-2.8b-deduped,31,ablated,resid_mid,18,0.207244873046875,2.759649362647906
pythia-2.8b-deduped,31,ablated,resid_final,18,0.38037109375,2.759649362647906
pythia-2.8b-deduped,31,ablated,resid0,19,0.795501708984375,2.6446208781562746
pythia-2.8b-deduped,31,ablated,resid_mid,19,0.21868896484375,2.6446208781562746
pythia-2.8b-deduped,31,ablated,resid_final,19,0.359619140625,2.6446208781562746
pythia-2.8b-deduped,31,ablated,resid0,20,0.78680419921875,2.445107699750224
pythia-2.8b-deduped,31,ablated,resid_mid,20,0.231109619140625,2.445107699750224
pythia-2.8b-deduped,31,ablated,resid_final,20,0.3985595703125,2.445107699750224
pythia-2.8b-deduped,31,ablated,resid0,21,0.865692138671875,2.539855754817836
pythia-2.8b-deduped,31,ablated,resid_mid,21,0.2152099609375,2.539855754817836
pythia-2.8b-deduped,31,ablated,resid_final,21,0.451812744140625,2.539855754817836
pythia-2.8b-deduped,31,ablated,resid0,22,0.9407958984375,2.5072263553738594
pythia-2.8b-deduped,31,ablated,resid_mid,22,0.234222412109375,2.5072263553738594
pythia-2.8b-deduped,31,ablated,resid_final,22,0.448974609375,2.5072263553738594
pythia-2.8b-deduped,31,ablated,resid0,23,0.82281494140625,1.8131829388439655
pythia-2.8b-deduped,31,ablated,resid_mid,23,0.2034912109375,1.8131829388439655
pythia-2.8b-deduped,31,ablated,resid_final,23,0.287445068359375,1.8131829388439655
pythia-2.8b-deduped,31,ablated,resid0,24,0.86224365234375,2.901145444717258
pythia-2.8b-deduped,31,ablated,resid_mid,24,0.23089599609375,2.901145444717258
pythia-2.8b-deduped,31,ablated,resid_final,24,0.412384033203125,2.901145444717258
pythia-2.8b-deduped,31,ablated,resid0,25,0.9217529296875,2.8845132804490277
pythia-2.8b-deduped,31,ablated,resid_mid,25,0.2391357421875,2.8845132804490277
pythia-2.8b-deduped,31,ablated,resid_final,25,0.43316650390625,2.8845132804490277
pythia-2.8b-deduped,31,ablated,resid0,26,0.903411865234375,2.440476937452331
pythia-2.8b-deduped,31,ablated,resid_mid,26,0.234130859375,2.440476937452331
pythia-2.8b-deduped,31,ablated,resid_final,26,0.39898681640625,2.440476937452331
pythia-2.8b-deduped,31,ablated,resid0,27,0.829681396484375,1.9797396602807567
pythia-2.8b-deduped,31,ablated,resid_mid,27,0.2252197265625,1.9797396602807567
pythia-2.8b-deduped,31,ablated,resid_final,27,0.33978271484375,1.9797396602807567
pythia-2.8b-deduped,31,ablated,resid0,28,0.90484619140625,2.340365933254361
pythia-2.8b-deduped,31,ablated,resid_mid,28,0.22601318359375,2.340365933254361
pythia-2.8b-deduped,31,ablated,resid_final,28,0.455780029296875,2.340365933254361
pythia-2.8b-deduped,31,ablated,resid0,29,0.815765380859375,1.7722818487673067
pythia-2.8b-deduped,31,ablated,resid_mid,29,0.228790283203125,1.7722818487673067
pythia-2.8b-deduped,31,ablated,resid_final,29,0.367431640625,1.7722818487673067
pythia-2.8b-deduped,31,ablated,resid0,30,0.896636962890625,2.313969695707783
pythia-2.8b-deduped,31,ablated,resid_mid,30,0.234771728515625,2.313969695707783
pythia-2.8b-deduped,31,ablated,resid_final,30,0.5189208984375,2.313969695707783
pythia-2.8b-deduped,31,ablated,resid0,31,0.856903076171875,2.5969333653338253
pythia-2.8b-deduped,31,ablated,resid_mid,31,0.21051025390625,2.5969333653338253
pythia-2.8b-deduped,31,ablated,resid_final,31,0.37493896484375,2.5969333653338253
pythia-2.8b-deduped,31,ablated,resid0,32,0.72332763671875,2.8923115766374394
pythia-2.8b-deduped,31,ablated,resid_mid,32,0.19659423828125,2.8923115766374394
pythia-2.8b-deduped,31,ablated,resid_final,32,0.342803955078125,2.8923115766374394
pythia-2.8b-deduped,31,ablated,resid0,33,0.900909423828125,3.421422660467215
pythia-2.8b-deduped,31,ablated,resid_mid,33,0.231292724609375,3.421422660467215
pythia-2.8b-deduped,31,ablated,resid_final,33,0.46746826171875,3.421422660467215
pythia-2.8b-deduped,31,ablated,resid0,34,0.86077880859375,1.9299015840515494
pythia-2.8b-deduped,31,ablated,resid_mid,34,0.206451416015625,1.9299015840515494
pythia-2.8b-deduped,31,ablated,resid_final,34,0.373809814453125,1.9299015840515494
pythia-2.8b-deduped,31,ablated,resid0,35,0.902740478515625,3.3347129519097507
pythia-2.8b-deduped,31,ablated,resid_mid,35,0.219512939453125,3.3347129519097507
pythia-2.8b-deduped,31,ablated,resid_final,35,0.449371337890625,3.3347129519097507
pythia-2.8b-deduped,31,ablated,resid0,36,0.923980712890625,2.032335747324396
pythia-2.8b-deduped,31,ablated,resid_mid,36,0.23431396484375,2.032335747324396
pythia-2.8b-deduped,31,ablated,resid_final,36,0.390960693359375,2.032335747324396
pythia-2.8b-deduped,31,ablated,resid0,37,0.834381103515625,2.3658675458282232
pythia-2.8b-deduped,31,ablated,resid_mid,37,0.20697021484375,2.3658675458282232
pythia-2.8b-deduped,31,ablated,resid_final,37,0.411773681640625,2.3658675458282232
pythia-2.8b-deduped,31,ablated,resid0,38,0.76300048828125,2.514128231734503
pythia-2.8b-deduped,31,ablated,resid_mid,38,0.214813232421875,2.514128231734503
pythia-2.8b-deduped,31,ablated,resid_final,38,0.435882568359375,2.514128231734503
pythia-2.8b-deduped,31,ablated,resid0,39,0.92864990234375,2.1529365269161644
pythia-2.8b-deduped,31,ablated,resid_mid,39,0.227142333984375,2.1529365269161644
pythia-2.8b-deduped,31,ablated,resid_final,39,0.467010498046875,2.1529365269161644
pythia-2.8b-deduped,31,ablated,resid0,40,0.87322998046875,1.8073708055308089
pythia-2.8b-deduped,31,ablated,resid_mid,40,0.2188720703125,1.8073708055308089
pythia-2.8b-deduped,31,ablated,resid_final,40,0.38177490234375,1.8073708055308089
pythia-2.8b-deduped,31,ablated,resid0,41,0.93853759765625,2.6463138918043114
pythia-2.8b-deduped,31,ablated,resid_mid,41,0.216033935546875,2.6463138918043114
pythia-2.8b-deduped,31,ablated,resid_final,41,0.3275146484375,2.6463138918043114
pythia-2.8b-deduped,31,ablated,resid0,42,0.846923828125,2.4684325960697606
pythia-2.8b-deduped,31,ablated,resid_mid,42,0.197601318359375,2.4684325960697606
pythia-2.8b-deduped,31,ablated,resid_final,42,0.3699951171875,2.4684325960697606
pythia-2.8b-deduped,31,ablated,resid0,43,0.879241943359375,2.319564711302519
pythia-2.8b-deduped,31,ablated,resid_mid,43,0.227081298828125,2.319564711302519
pythia-2.8b-deduped,31,ablated,resid_final,43,0.347320556640625,2.319564711302519
pythia-2.8b-deduped,31,ablated,resid0,44,0.90753173828125,2.0187044877602602
pythia-2.8b-deduped,31,ablated,resid_mid,44,0.223175048828125,2.0187044877602602
pythia-2.8b-deduped,31,ablated,resid_final,44,0.392547607421875,2.0187044877602602
pythia-2.8b-deduped,31,ablated,resid0,45,0.827850341796875,1.98506936756894
pythia-2.8b-deduped,31,ablated,resid_mid,45,0.2158203125,1.98506936756894
pythia-2.8b-deduped,31,ablated,resid_final,45,0.437744140625,1.98506936756894
pythia-2.8b-deduped,31,ablated,resid0,46,0.78045654296875,2.239918624283746
pythia-2.8b-deduped,31,ablated,resid_mid,46,0.23089599609375,2.239918624283746
pythia-2.8b-deduped,31,ablated,resid_final,46,0.41851806640625,2.239918624283746
pythia-2.8b-deduped,31,ablated,logits,47,,1.613839440018637
pythia-2.8b-deduped,0,ablated,resid0,0,0.92462158203125,3.612924963235855
pythia-2.8b-deduped,0,ablated,resid_mid,0,0.246734619140625,3.612924963235855
pythia-2.8b-deduped,0,ablated,resid_final,0,0.40887451171875,3.612924963235855
pythia-2.8b-deduped,0,ablated,resid0,1,0.7928466796875,3.5084579959511757
pythia-2.8b-deduped,0,ablated,resid_mid,1,0.247589111328125,3.5084579959511757
pythia-2.8b-deduped,0,ablated,resid_final,1,0.47216796875,3.5084579959511757
pythia-2.8b-deduped,0,ablated,resid0,2,0.6580810546875,3.5931974798440933
pythia-2.8b-deduped,0,ablated,resid_mid,2,0.2001953125,3.5931974798440933
pythia-2.8b-deduped,0,ablated,resid_final,2,0.242462158203125,3.5931974798440933
pythia-2.8b-deduped,0,ablated,resid0,3,0.84539794921875,4.28235056437552
pythia-2.8b-deduped,0,ablated,resid_mid,3,0.22344970703125,4.28235056437552
pythia-2.8b-deduped,0,ablated,resid_final,3,0.51934814453125,4.28235056437552
pythia-2.8b-deduped,0,ablated,resid0,4,0.875579833984375,4.426316142082214
pythia-2.8b-deduped,0,ablated,resid_mid,4,0.221588134765625,4.426316142082214
pythia-2.8b-deduped,0,ablated,resid_final,4,0.35009765625,4.426316142082214
pythia-2.8b-deduped,0,ablated,resid0,5,0.9610595703125,3.355244590784423
pythia-2.8b-deduped,0,ablated,resid_mid,5,0.2392578125,3.355244590784423
pythia-2.8b-deduped,0,ablated,resid_final,5,0.407379150390625,3.355244590784423
pythia-2.8b-deduped,0,ablated,resid0,6,0.921661376953125,3.520693232305348
pythia-2.8b-deduped,0,ablated,resid_mid,6,0.203033447265625,3.520693232305348
pythia-2.8b-deduped,0,ablated,resid_final,6,0.308837890625,3.520693232305348
pythia-2.8b-deduped,0,ablated,resid0,7,0.915618896484375,3.5458834767341614
pythia-2.8b-deduped,0,ablated,resid_mid,7,0.2095947265625,3.5458834767341614
pythia-2.8b-deduped,0,ablated,resid_final,7,0.2952880859375,3.5458834767341614
pythia-2.8b-deduped,0,ablated,resid0,8,0.79718017578125,2.906887762248516
pythia-2.8b-deduped,0,ablated,resid_mid,8,0.21209716796875,2.906887762248516
pythia-2.8b-deduped,0,ablated,resid_final,8,0.316558837890625,2.906887762248516
pythia-2.8b-deduped,0,ablated,resid0,9,0.80731201171875,3.2868537567555904
pythia-2.8b-deduped,0,ablated,resid_mid,9,0.199951171875,3.2868537567555904
pythia-2.8b-deduped,0,ablated,resid_final,9,0.417816162109375,3.2868537567555904
pythia-2.8b-deduped,0,ablated,resid0,10,0.818817138671875,2.941376209259033
pythia-2.8b-deduped,0,ablated,resid_mid,10,0.213104248046875,2.941376209259033
pythia-2.8b-deduped,0,ablated,resid_final,10,0.35150146484375,2.941376209259033
pythia-2.8b-deduped,0,ablated,resid0,11,0.8731689453125,3.2780928276479244
pythia-2.8b-deduped,0,ablated,resid_mid,11,0.217559814453125,3.2780928276479244
pythia-2.8b-deduped,0,ablated,resid_final,11,0.415985107421875,3.2780928276479244
pythia-2.8b-deduped,0,ablated,resid0,12,0.861541748046875,3.241662001237273
pythia-2.8b-deduped,0,ablated,resid_mid,12,0.2440185546875,3.241662001237273
pythia-2.8b-deduped,0,ablated,resid_final,12,0.34375,3.241662001237273
pythia-2.8b-deduped,0,ablated,resid0,13,0.800933837890625,2.2305119349621236
pythia-2.8b-deduped,0,ablated,resid_mid,13,0.242218017578125,2.2305119349621236
pythia-2.8b-deduped,0,ablated,resid_final,13,0.46044921875,2.2305119349621236
pythia-2.8b-deduped,0,ablated,resid0,14,0.88323974609375,2.8047328180400655
pythia-2.8b-deduped,0,ablated,resid_mid,14,0.2503662109375,2.8047328180400655
pythia-2.8b-deduped,0,ablated,resid_final,14,0.559722900390625,2.8047328180400655
pythia-2.8b-deduped,0,ablated,resid0,15,0.823486328125,2.3624548681546003
pythia-2.8b-deduped,0,ablated,resid_mid,15,0.2254638671875,2.3624548681546003
pythia-2.8b-deduped,0,ablated,resid_final,15,0.363037109375,2.3624548681546003
pythia-2.8b-deduped,0,ablated,resid0,16,0.895355224609375,3.0769953364506364
pythia-2.8b-deduped,0,ablated,resid_mid,16,0.231597900390625,3.0769953364506364
pythia-2.8b-deduped,0,ablated,resid_final,16,0.41973876953125,3.0769953364506364
pythia-2.8b-deduped,0,ablated,resid0,17,0.804412841796875,2.0117344653699547
pythia-2.8b-deduped,0,ablated,resid_mid,17,0.23870849609375,2.0117344653699547
pythia-2.8b-deduped,0,ablated,resid_final,17,0.37725830078125,2.0117344653699547
pythia-2.8b-deduped,0,ablated,resid0,18,0.81146240234375,2.5580611999321263
pythia-2.8b-deduped,0,ablated,resid_mid,18,0.212890625,2.5580611999321263
pythia-2.8b-deduped,0,ablated,resid_final,18,0.4254150390625,2.5580611999321263
pythia-2.8b-deduped,0,ablated,resid0,19,0.746490478515625,2.845304717284307
pythia-2.8b-deduped,0,ablated,resid_mid,19,0.199066162109375,2.845304717284307
pythia-2.8b-deduped,0,ablated,resid_final,19,0.37371826171875,2.845304717284307
pythia-2.8b-deduped,0,ablated,resid0,20,0.902862548828125,2.316532607190311
pythia-2.8b-deduped,0,ablated,resid_mid,20,0.211395263671875,2.316532607190311
pythia-2.8b-deduped,0,ablated,resid_final,20,0.471038818359375,2.316532607190311
pythia-2.8b-deduped,0,ablated,resid0,21,0.908660888671875,2.9165199119597673
pythia-2.8b-deduped,0,ablated,resid_mid,21,0.22503662109375,2.9165199119597673
pythia-2.8b-deduped,0,ablated,resid_final,21,0.318023681640625,2.9165199119597673
pythia-2.8b-deduped,0,ablated,resid0,22,0.896881103515625,2.217571766115725
pythia-2.8b-deduped,0,ablated,resid_mid,22,0.2213134765625,2.217571766115725
pythia-2.8b-deduped,0,ablated,resid_final,22,0.36639404296875,2.217571766115725
pythia-2.8b-deduped,0,ablated,resid0,23,0.89385986328125,2.5333407225843985
pythia-2.8b-deduped,0,ablated,resid_mid,23,0.22515869140625,2.5333407225843985
pythia-2.8b-deduped,0,ablated,resid_final,23,0.346099853515625,2.5333407225843985
pythia-2.8b-deduped,0,ablated,resid0,24,0.840087890625,2.4146411828696728
pythia-2.8b-deduped,0,ablated,resid_mid,24,0.197113037109375,2.4146411828696728
pythia-2.8b-deduped,0,ablated,resid_final,24,0.290618896484375,2.4146411828696728
pythia-2.8b-deduped,0,ablated,resid0,25,0.927032470703125,2.9245421367231756
pythia-2.8b-deduped,0,ablated,resid_mid,25,0.221466064453125,2.9245421367231756
pythia-2.8b-deduped,0,ablated,resid_final,25,0.41943359375,2.9245421367231756
pythia-2.8b-deduped,0,ablated,resid0,26,0.821044921875,2.0674833208322525
pythia-2.8b-deduped,0,ablated,resid_mid,26,0.191558837890625,2.0674833208322525
pythia-2.8b-deduped,0,ablated,resid_final,26,0.267791748046875,2.0674833208322525
pythia-2.8b-deduped,0,ablated,resid0,27,0.80694580078125,3.2663064301013947
pythia-2.8b-deduped,0,ablated,resid_mid,27,0.18389892578125,3.2663064301013947
pythia-2.8b-deduped,0,ablated,resid_final,27,0.38714599609375,3.2663064301013947
pythia-2.8b-deduped,0,ablated,resid0,28,0.84619140625,2.391038589179516
pythia-2.8b-deduped,0,ablated,resid_mid,28,0.189300537109375,2.391038589179516
pythia-2.8b-deduped,0,ablated,resid_final,28,0.30523681640625,2.391038589179516
pythia-2.8b-deduped,0,ablated,resid0,29,0.89508056640625,3.189600834622979
pythia-2.8b-deduped,0,ablated,resid_mid,29,0.214996337890625,3.189600834622979
pythia-2.8b-deduped,0,ablated,resid_final,29,0.427947998046875,3.189600834622979
pythia-2.8b-deduped,0,ablated,resid0,30,0.901214599609375,2.7059393916279078
pythia-2.8b-deduped,0,ablated,resid_mid,30,0.232574462890625,2.7059393916279078
pythia-2.8b-deduped,0,ablated,resid_final,30,0.33831787109375,2.7059393916279078
pythia-2.8b-deduped,0,ablated,resid0,31,0.851043701171875,1.9981853142380714
pythia-2.8b-deduped,0,ablated,resid_mid,31,0.2017822265625,1.9981853142380714
pythia-2.8b-deduped,0,ablated,resid_final,31,0.314453125,1.9981853142380714
pythia-2.8b-deduped,0,ablated,resid0,32,0.84552001953125,2.6703178769676015
pythia-2.8b-deduped,0,ablated,resid_mid,32,0.206512451171875,2.6703178769676015
pythia-2.8b-deduped,0,ablated,resid_final,32,0.446685791015625,2.6703178769676015
pythia-2.8b-deduped,0,ablated,resid0,33,0.885711669921875,2.8158721479121596
pythia-2.8b-deduped,0,ablated,resid_mid,33,0.2103271484375,2.8158721479121596
pythia-2.8b-deduped,0,ablated,resid_final,33,0.33477783203125,2.8158721479121596
pythia-2.8b-deduped,0,ablated,resid0,34,0.8387451171875,2.0630763094086433
pythia-2.8b-deduped,0,ablated,resid_mid,34,0.218048095703125,2.0630763094086433
pythia-2.8b-deduped,0,ablated,resid_final,34,0.3511962890625,2.0630763094086433
pythia-2.8b-deduped,0,ablated,resid0,35,0.871978759765625,2.4152120035141706
pythia-2.8b-deduped,0,ablated,resid_mid,35,0.215362548828125,2.4152120035141706
pythia-2.8b-deduped,0,ablated,resid_final,35,0.441009521484375,2.4152120035141706
pythia-2.8b-deduped,0,ablated,resid0,36,0.86517333984375,2.1600431837141514
pythia-2.8b-deduped,0,ablated,resid_mid,36,0.197845458984375,2.1600431837141514
pythia-2.8b-deduped,0,ablated,resid_final,36,0.403289794921875,2.1600431837141514
pythia-2.8b-deduped,0,ablated,resid0,37,0.878814697265625,1.9539753212593496
pythia-2.8b-deduped,0,ablated,resid_mid,37,0.213775634765625,1.9539753212593496
pythia-2.8b-deduped,0,ablated,resid_final,37,0.340087890625,1.9539753212593496
pythia-2.8b-deduped,0,ablated,resid0,38,0.799041748046875,2.1538082238985226
pythia-2.8b-deduped,0,ablated,resid_mid,38,0.2178955078125,2.1538082238985226
pythia-2.8b-deduped,0,ablated,resid_final,38,0.35931396484375,2.1538082238985226
pythia-2.8b-deduped,0,ablated,resid0,39,0.889068603515625,2.6379365677712485
pythia-2.8b-deduped,0,ablated,resid_mid,39,0.24237060546875,2.6379365677712485
pythia-2.8b-deduped,0,ablated,resid_final,39,0.478515625,2.6379365677712485
pythia-2.8b-deduped,0,ablated,resid0,40,0.838104248046875,1.5976326601812616
pythia-2.8b-deduped,0,ablated,resid_mid,40,0.258026123046875,1.5976326601812616
pythia-2.8b-deduped,0,ablated,resid_final,40,0.41021728515625,1.5976326601812616
pythia-2.8b-deduped,0,ablated,resid0,41,0.816162109375,1.1329508038179483
pythia-2.8b-deduped,0,ablated,resid_mid,41,0.277374267578125,1.1329508038179483
pythia-2.8b-deduped,0,ablated,resid_final,41,0.440673828125,1.1329508038179483
pythia-2.8b-deduped,0,ablated,resid0,42,0.90924072265625,2.219788634974975
pythia-2.8b-deduped,0,ablated,resid_mid,42,0.263580322265625,2.219788634974975
pythia-2.8b-deduped,0,ablated,resid_final,42,0.455078125,2.219788634974975
pythia-2.8b-deduped,0,ablated,resid0,43,0.904266357421875,2.319368823838886
pythia-2.8b-deduped,0,ablated,resid_mid,43,0.249847412109375,2.319368823838886
pythia-2.8b-deduped,0,ablated,resid_final,43,0.4287109375,2.319368823838886
pythia-2.8b-deduped,0,ablated,resid0,44,0.8607177734375,1.4238411567930598
pythia-2.8b-deduped,0,ablated,resid_mid,44,0.254425048828125,1.4238411567930598
pythia-2.8b-deduped,0,ablated,resid_final,44,0.388031005859375,1.4238411567930598
pythia-2.8b-deduped,0,ablated,resid0,45,0.860321044921875,1.570353003917262
pythia-2.8b-deduped,0,ablated,resid_mid,45,0.251373291015625,1.570353003917262
pythia-2.8b-deduped,0,ablated,resid_final,45,0.4481201171875,1.570353003917262
pythia-2.8b-deduped,0,ablated,resid0,46,0.7884521484375,2.099318665685132
pythia-2.8b-deduped,0,ablated,resid_mid,46,0.2503662109375,2.099318665685132
pythia-2.8b-deduped,0,ablated,resid_final,46,0.347137451171875,2.099318665685132
pythia-2.8b-deduped,0,ablated,logits,47,,2.3403164092451334
